<?xml version="1.0" encoding="UTF-8"?>
<EmailTemplate xmlns="http://soap.sforce.com/2006/04/metadata">
    <available>true</available>
    <description>HOG - Service Rig Program Approval Request</description>
    <encodingKey>ISO-8859-1</encodingKey>
    <letterhead>HOG_Standard_Letter_Head</letterhead>
    <name>HOG - Service Rig Program Approval Request</name>
    <style>formalLetter</style>
    <subject>{!ApprovalRequest.Process_Step_Name} Request: {!HOG_Service_Rig_Program__c.Name}</subject>
    <textOnly>Attention

Approval Request has been submitted for - {!HOG_Service_Rig_Program__c.Name}
Please review the Service Rig Request information listed below:

Service Rig Request Details:

{!HOG_Service_Rig_Program__c.H2S_Test__c}

Well Location: {!HOG_Service_Rig_Program__c.Well_Location__c}
Surface Location: {!HOG_Service_Rig_Program__c.Surface_Location__c}
Operating Route: {!HOG_Service_Rig_Program__c.Operator_Route__c}
Well Orientation: {!HOG_Service_Rig_Program__c.Well_Orientation__c}
Service Type: {!HOG_Service_Rig_Program__c.Service_Type__c}
5 Days Gas (m3): {!HOG_Service_Rig_Program__c.PVR_AVGVOL_5D_GAS__c}
5 Days Oil(m3): {!HOG_Service_Rig_Program__c.PVR_AVGVOL_5D_OIL__c}
5 Days Water (m3): {!HOG_Service_Rig_Program__c.PVR_AVGVOL_5D_WATER__c}
5 Days Sand (m3): {!HOG_Service_Rig_Program__c.PVR_AVGVOL_5D_SAND__c}
5 Days Condensate (m3): {!HOG_Service_Rig_Program__c.PVR_AVGVOL_5D_COND__c}
5 Days Production (m3):{!HOG_Service_Rig_Program__c.PVR_AVGVOL_5D_PROD__c}
5 Days Number Of Measures: {!HOG_Service_Rig_Program__c.PVR_AVGVOL_5D_NO_OF_MEASURES__c}
5 Days Last Measured Date: {!HOG_Service_Rig_Program__c.PVR_AVGVOL_5D_LAST_MEASURED__c}
Priority Level: {!HOG_Service_Rig_Program__c.Priority__c}
Well Down Date: {!HOG_Service_Rig_Program__c.Well_Down_Date__c}
Well Event Status: {!HOG_Service_Rig_Program__c.Well_Event_Status__c}
Vendor Company: {!HOG_Service_Rig_Program__c.Vendor_Company__c}

Created By: {!HOG_Service_Rig_Program__c.CreatedBy}
Link to Service Rig Program: {!HOG_Service_Rig_Program__c.Link}

Key Contacts

Production Manager:{!HOG_Service_Rig_Program__c.Production_Manager__c}
Production Engineer:{!HOG_Service_Rig_Program__c.Production_Engineer__c}
Production Coordinator: {!HOG_Service_Rig_Program__c.Production_Coordinator__c}
Field Senior: {!HOG_Service_Rig_Program__c.Field_Senior__c}
Operations Coordinator: {!HOG_Service_Rig_Program__c.Operations_Coordinator__c}
Service Rig Coordinator: {!HOG_Service_Rig_Program__c.Service_Rig_Coordinator__c}
Service Rig Planner: {!HOG_Service_Rig_Program__c.Service_Rig_Planner__c}</textOnly>
    <type>html</type>
</EmailTemplate>
